{
  "Seller  Create Product" : {
    "transaction" : "Seller  Create Product",
    "sampleCount" : 222,
    "errorCount" : 213,
    "errorPct" : 95.945946,
    "meanResTime" : 1419.9279279279283,
    "medianResTime" : 940.0,
    "minResTime" : 287.0,
    "maxResTime" : 10723.0,
    "pct1ResTime" : 2920.1000000000013,
    "pct2ResTime" : 4654.25,
    "pct3ResTime" : 6600.220000000003,
    "throughput" : 0.05443961163467686,
    "receivedKBytesPerSec" : 0.018730379822963363,
    "sentKBytesPerSec" : 0.5708069720651225
  },
  "Buyer  Get Order" : {
    "transaction" : "Buyer  Get Order",
    "sampleCount" : 924,
    "errorCount" : 124,
    "errorPct" : 13.419913,
    "meanResTime" : 2197.2175324675327,
    "medianResTime" : 1202.0,
    "minResTime" : 203.0,
    "maxResTime" : 19367.0,
    "pct1ResTime" : 4946.0,
    "pct2ResTime" : 5855.5,
    "pct3ResTime" : 8401.0,
    "throughput" : 0.21647278217894847,
    "receivedKBytesPerSec" : 1.2292389969186597,
    "sentKBytesPerSec" : 0.07317981444018709
  },
  "Seller  Delete  product" : {
    "transaction" : "Seller  Delete  product",
    "sampleCount" : 137,
    "errorCount" : 133,
    "errorPct" : 97.08029,
    "meanResTime" : 1420.905109489051,
    "medianResTime" : 871.0,
    "minResTime" : 270.0,
    "maxResTime" : 7000.0,
    "pct1ResTime" : 4030.8,
    "pct2ResTime" : 5246.5999999999985,
    "pct3ResTime" : 6803.920000000002,
    "throughput" : 0.033627991449162696,
    "receivedKBytesPerSec" : 0.01196280894489845,
    "sentKBytesPerSec" : 0.32064431753218653
  },
  "Buyer  Update  order" : {
    "transaction" : "Buyer  Update  order",
    "sampleCount" : 923,
    "errorCount" : 123,
    "errorPct" : 13.326111,
    "meanResTime" : 3766.803900325028,
    "medianResTime" : 1948.0,
    "minResTime" : 160.0,
    "maxResTime" : 20537.0,
    "pct1ResTime" : 9812.800000000001,
    "pct2ResTime" : 11742.599999999997,
    "pct3ResTime" : 14483.839999999997,
    "throughput" : 0.21624068267394372,
    "receivedKBytesPerSec" : 0.13339103680613215,
    "sentKBytesPerSec" : 0.08404804432207727
  },
  "Login" : {
    "transaction" : "Login",
    "sampleCount" : 1358,
    "errorCount" : 2,
    "errorPct" : 0.1472754,
    "meanResTime" : 1135.736377025036,
    "medianResTime" : 763.0,
    "minResTime" : 178.0,
    "maxResTime" : 10176.0,
    "pct1ResTime" : 2583.1000000000013,
    "pct2ResTime" : 3683.8499999999985,
    "pct3ResTime" : 5327.82,
    "throughput" : 0.18616730326379524,
    "receivedKBytesPerSec" : 0.09451639572903692,
    "sentKBytesPerSec" : 0.07790649782322716
  },
  "Seller Get Product " : {
    "transaction" : "Seller Get Product ",
    "sampleCount" : 936,
    "errorCount" : 136,
    "errorPct" : 14.529915,
    "meanResTime" : 2398.0598290598323,
    "medianResTime" : 1318.0,
    "minResTime" : 173.0,
    "maxResTime" : 17337.0,
    "pct1ResTime" : 5922.300000000001,
    "pct2ResTime" : 6983.15,
    "pct3ResTime" : 9073.279999999999,
    "throughput" : 0.21932023847795504,
    "receivedKBytesPerSec" : 0.4625419034776551,
    "sentKBytesPerSec" : 0.07448106731514538
  },
  "Buyer  Get  Product" : {
    "transaction" : "Buyer  Get  Product",
    "sampleCount" : 931,
    "errorCount" : 0,
    "errorPct" : 0.0,
    "meanResTime" : 1877.9709989258868,
    "medianResTime" : 1093.0,
    "minResTime" : 200.0,
    "maxResTime" : 11159.0,
    "pct1ResTime" : 4265.200000000001,
    "pct2ResTime" : 5545.0,
    "pct3ResTime" : 7436.4,
    "throughput" : 0.21809719451107223,
    "receivedKBytesPerSec" : 0.3842259168925531,
    "sentKBytesPerSec" : 0.08283742063522741
  },
  "Registration" : {
    "transaction" : "Registration",
    "sampleCount" : 940,
    "errorCount" : 2,
    "errorPct" : 0.21276596,
    "meanResTime" : 2059.7765957446804,
    "medianResTime" : 1184.0,
    "minResTime" : 426.0,
    "maxResTime" : 12053.0,
    "pct1ResTime" : 4900.199999999999,
    "pct2ResTime" : 6001.849999999999,
    "pct3ResTime" : 9296.460000000003,
    "throughput" : 0.22043482410590814,
    "receivedKBytesPerSec" : 0.13338212212605166,
    "sentKBytesPerSec" : 0.12989660639415762
  },
  "Total" : {
    "transaction" : "Total",
    "sampleCount" : 9490,
    "errorCount" : 1320,
    "errorPct" : 13.909378,
    "meanResTime" : 2049.14541622761,
    "medianResTime" : 1128.5,
    "minResTime" : 81.0,
    "maxResTime" : 20537.0,
    "pct1ResTime" : 5042.0,
    "pct2ResTime" : 6767.349999999997,
    "pct3ResTime" : 10723.18,
    "throughput" : 1.3001900414759253,
    "receivedKBytesPerSec" : 1.833680101341525,
    "sentKBytesPerSec" : 0.9857021867100301
  },
  "Buyer  Get  Product by ID" : {
    "transaction" : "Buyer  Get  Product by ID",
    "sampleCount" : 931,
    "errorCount" : 3,
    "errorPct" : 0.32223415,
    "meanResTime" : 1023.3168635875403,
    "medianResTime" : 628.0,
    "minResTime" : 114.0,
    "maxResTime" : 8409.0,
    "pct1ResTime" : 2438.6000000000035,
    "pct2ResTime" : 3016.199999999999,
    "pct3ResTime" : 5510.5599999999995,
    "throughput" : 0.2181004133365943,
    "receivedKBytesPerSec" : 0.18587209110623526,
    "sentKBytesPerSec" : 0.07537465949629346
  },
  "Buyer  Get Order by ID" : {
    "transaction" : "Buyer  Get Order by ID",
    "sampleCount" : 924,
    "errorCount" : 124,
    "errorPct" : 13.419913,
    "meanResTime" : 1988.0584415584408,
    "medianResTime" : 1055.5,
    "minResTime" : 81.0,
    "maxResTime" : 9958.0,
    "pct1ResTime" : 4742.0,
    "pct2ResTime" : 5695.75,
    "pct3ResTime" : 7722.75,
    "throughput" : 0.21647572367670428,
    "receivedKBytesPerSec" : 0.2309778144304029,
    "sentKBytesPerSec" : 0.07437577964352726
  },
  "Buyer  Create Order" : {
    "transaction" : "Buyer  Create Order",
    "sampleCount" : 331,
    "errorCount" : 327,
    "errorPct" : 98.79154,
    "meanResTime" : 2911.483383685802,
    "medianResTime" : 1401.0,
    "minResTime" : 222.0,
    "maxResTime" : 14260.0,
    "pct1ResTime" : 7765.200000000001,
    "pct2ResTime" : 9109.399999999994,
    "pct3ResTime" : 12519.520000000004,
    "throughput" : 0.08127545996753892,
    "receivedKBytesPerSec" : 0.029996319124042065,
    "sentKBytesPerSec" : 0.03256782955848518
  },
  "Seller Get Product by id" : {
    "transaction" : "Seller Get Product by id",
    "sampleCount" : 933,
    "errorCount" : 133,
    "errorPct" : 14.255091,
    "meanResTime" : 2362.961414790997,
    "medianResTime" : 1280.0,
    "minResTime" : 204.0,
    "maxResTime" : 12995.0,
    "pct1ResTime" : 5729.200000000001,
    "pct2ResTime" : 6846.799999999996,
    "pct3ResTime" : 10194.879999999994,
    "throughput" : 0.21857682823234834,
    "receivedKBytesPerSec" : 0.15663766711873572,
    "sentKBytesPerSec" : 0.07588710594674222
  }
}