{
  "Delete Product" : {
    "transaction" : "Delete Product",
    "sampleCount" : 306,
    "errorCount" : 46,
    "errorPct" : 15.03268,
    "meanResTime" : 3113.1797385620926,
    "medianResTime" : 3280.5,
    "minResTime" : 4.0,
    "maxResTime" : 6406.0,
    "pct1ResTime" : 4586.300000000001,
    "pct2ResTime" : 5247.9,
    "pct3ResTime" : 5999.820000000001,
    "throughput" : 0.5596984213212175,
    "receivedKBytesPerSec" : 15.612262531140084,
    "sentKBytesPerSec" : 0.4271526526001284
  },
  "products.json Create Product" : {
    "transaction" : "products.json Create Product",
    "sampleCount" : 320,
    "errorCount" : 46,
    "errorPct" : 14.375,
    "meanResTime" : 1535.971875000001,
    "medianResTime" : 1331.0,
    "minResTime" : 145.0,
    "maxResTime" : 4174.0,
    "pct1ResTime" : 2953.1000000000004,
    "pct2ResTime" : 3477.8499999999995,
    "pct3ResTime" : 3991.37,
    "throughput" : 0.5904244229062535,
    "receivedKBytesPerSec" : 1.1539979402029217,
    "sentKBytesPerSec" : 6.14983758139093
  },
  "Update Profile" : {
    "transaction" : "Update Profile",
    "sampleCount" : 296,
    "errorCount" : 36,
    "errorPct" : 12.162162,
    "meanResTime" : 1218.5202702702697,
    "medianResTime" : 1193.0,
    "minResTime" : 92.0,
    "maxResTime" : 3534.0,
    "pct1ResTime" : 2045.2,
    "pct2ResTime" : 2301.8999999999996,
    "pct3ResTime" : 3116.039999999998,
    "throughput" : 0.5416493588957673,
    "receivedKBytesPerSec" : 0.7106431582915353,
    "sentKBytesPerSec" : 0.5596481063316248
  },
  "Delete Product-1" : {
    "transaction" : "Delete Product-1",
    "sampleCount" : 259,
    "errorCount" : 0,
    "errorPct" : 0.0,
    "meanResTime" : 2204.760617760621,
    "medianResTime" : 2059.0,
    "minResTime" : 645.0,
    "maxResTime" : 4503.0,
    "pct1ResTime" : 3236.0,
    "pct2ResTime" : 3490.0,
    "pct3ResTime" : 4280.4,
    "throughput" : 0.640119423052208,
    "receivedKBytesPerSec" : 20.532300659335363,
    "sentKBytesPerSec" : 0.25567269924643854
  },
  "Create Offer" : {
    "transaction" : "Create Offer",
    "sampleCount" : 321,
    "errorCount" : 41,
    "errorPct" : 12.772586,
    "meanResTime" : 1047.2056074766356,
    "medianResTime" : 866.0,
    "minResTime" : 95.0,
    "maxResTime" : 3460.0,
    "pct1ResTime" : 2183.2,
    "pct2ResTime" : 2611.999999999999,
    "pct3ResTime" : 3230.139999999996,
    "throughput" : 0.05777209215602568,
    "receivedKBytesPerSec" : 0.16087565512157698,
    "sentKBytesPerSec" : 0.02995675889384261
  },
  "Get Product by id " : {
    "transaction" : "Get Product by id ",
    "sampleCount" : 314,
    "errorCount" : 4,
    "errorPct" : 1.2738854,
    "meanResTime" : 1037.7738853503186,
    "medianResTime" : 849.5,
    "minResTime" : 185.0,
    "maxResTime" : 3704.0,
    "pct1ResTime" : 1960.0,
    "pct2ResTime" : 2151.25,
    "pct3ResTime" : 3248.350000000007,
    "throughput" : 0.5761203614513096,
    "receivedKBytesPerSec" : 1.2351909746112564,
    "sentKBytesPerSec" : 0.2377148697307463
  },
  "Delete Product-0" : {
    "transaction" : "Delete Product-0",
    "sampleCount" : 259,
    "errorCount" : 0,
    "errorPct" : 0.0,
    "meanResTime" : 1393.1737451737442,
    "medianResTime" : 1256.0,
    "minResTime" : 122.0,
    "maxResTime" : 3162.0,
    "pct1ResTime" : 2286.0,
    "pct2ResTime" : 2719.0,
    "pct3ResTime" : 3110.9999999999986,
    "throughput" : 0.6392457393901251,
    "receivedKBytesPerSec" : 0.4444755531696963,
    "sentKBytesPerSec" : 0.2815428012352992
  },
  "Get Profile" : {
    "transaction" : "Get Profile",
    "sampleCount" : 296,
    "errorCount" : 36,
    "errorPct" : 12.162162,
    "meanResTime" : 1066.1114864864865,
    "medianResTime" : 992.0,
    "minResTime" : 46.0,
    "maxResTime" : 3032.0,
    "pct1ResTime" : 1853.2,
    "pct2ResTime" : 2251.749999999999,
    "pct3ResTime" : 2930.0099999999984,
    "throughput" : 0.5417028869469734,
    "receivedKBytesPerSec" : 0.7206108169007641,
    "sentKBytesPerSec" : 0.2212463398453585
  },
  "Login" : {
    "transaction" : "Login",
    "sampleCount" : 342,
    "errorCount" : 5,
    "errorPct" : 1.4619883,
    "meanResTime" : 1487.0730994152052,
    "medianResTime" : 1075.0,
    "minResTime" : 196.0,
    "maxResTime" : 4988.0,
    "pct1ResTime" : 3223.7,
    "pct2ResTime" : 3517.5999999999976,
    "pct3ResTime" : 4837.5,
    "throughput" : 0.636742262743689,
    "receivedKBytesPerSec" : 1.2406790480377352,
    "sentKBytesPerSec" : 0.3344929608096308
  },
  "Update Offer" : {
    "transaction" : "Update Offer",
    "sampleCount" : 340,
    "errorCount" : 60,
    "errorPct" : 17.647058,
    "meanResTime" : 3339.229411764705,
    "medianResTime" : 3064.0,
    "minResTime" : 320.0,
    "maxResTime" : 7204.0,
    "pct1ResTime" : 5321.800000000001,
    "pct2ResTime" : 5972.399999999999,
    "pct3ResTime" : 6847.749999999997,
    "throughput" : 0.6124691513699494,
    "receivedKBytesPerSec" : 16.469215614473185,
    "sentKBytesPerSec" : 0.5020642687298471
  },
  "Get Product" : {
    "transaction" : "Get Product",
    "sampleCount" : 314,
    "errorCount" : 0,
    "errorPct" : 0.0,
    "meanResTime" : 1254.8248407643305,
    "medianResTime" : 1057.5,
    "minResTime" : 386.0,
    "maxResTime" : 3955.0,
    "pct1ResTime" : 2092.5,
    "pct2ResTime" : 2476.5,
    "pct3ResTime" : 3370.500000000001,
    "throughput" : 0.5770626774605566,
    "receivedKBytesPerSec" : 6.862865272979132,
    "sentKBytesPerSec" : 0.27668627730250767
  },
  "Get Category ID" : {
    "transaction" : "Get Category ID",
    "sampleCount" : 321,
    "errorCount" : 1,
    "errorPct" : 0.31152648,
    "meanResTime" : 774.314641744548,
    "medianResTime" : 636.0,
    "minResTime" : 96.0,
    "maxResTime" : 3038.0,
    "pct1ResTime" : 1580.6000000000004,
    "pct2ResTime" : 1990.9,
    "pct3ResTime" : 2882.7,
    "throughput" : 0.5996278944654906,
    "receivedKBytesPerSec" : 0.43440113448290035,
    "sentKBytesPerSec" : 0.24809370633550767
  },
  "Registration" : {
    "transaction" : "Registration",
    "sampleCount" : 469,
    "errorCount" : 24,
    "errorPct" : 5.117271,
    "meanResTime" : 2042.3390191897647,
    "medianResTime" : 1910.0,
    "minResTime" : 132.0,
    "maxResTime" : 4562.0,
    "pct1ResTime" : 3136.0,
    "pct2ResTime" : 3200.5,
    "pct3ResTime" : 3708.4,
    "throughput" : 0.04824231342568153,
    "receivedKBytesPerSec" : 0.08838966277028554,
    "sentKBytesPerSec" : 0.0268060176062843
  },
  "Total" : {
    "transaction" : "Total",
    "sampleCount" : 5723,
    "errorCount" : 503,
    "errorPct" : 8.789097,
    "meanResTime" : 1625.3634457452463,
    "medianResTime" : 1327.0,
    "minResTime" : 4.0,
    "maxResTime" : 7204.0,
    "pct1ResTime" : 3201.0,
    "pct2ResTime" : 3916.8,
    "pct3ResTime" : 5283.840000000002,
    "throughput" : 0.5872986080417527,
    "receivedKBytesPerSec" : 4.671329052747788,
    "sentKBytesPerSec" : 1.0015525590949341
  },
  "List Offers" : {
    "transaction" : "List Offers",
    "sampleCount" : 320,
    "errorCount" : 40,
    "errorPct" : 12.5,
    "meanResTime" : 1052.6687500000007,
    "medianResTime" : 849.5,
    "minResTime" : 94.0,
    "maxResTime" : 3901.0,
    "pct1ResTime" : 2159.5000000000014,
    "pct2ResTime" : 2530.7,
    "pct3ResTime" : 3375.6200000000017,
    "throughput" : 0.594974694982504,
    "receivedKBytesPerSec" : 1.7160811114359715,
    "sentKBytesPerSec" : 0.3509421052435864
  },
  "List Categories" : {
    "transaction" : "List Categories",
    "sampleCount" : 336,
    "errorCount" : 5,
    "errorPct" : 1.4880953,
    "meanResTime" : 973.1488095238099,
    "medianResTime" : 768.5,
    "minResTime" : 44.0,
    "maxResTime" : 4190.0,
    "pct1ResTime" : 1930.1000000000001,
    "pct2ResTime" : 2437.5,
    "pct3ResTime" : 3981.9499999999985,
    "throughput" : 0.6273432015414719,
    "receivedKBytesPerSec" : 0.6753989627365606,
    "sentKBytesPerSec" : 0.25529577551569105
  },
  " Update Product" : {
    "transaction" : " Update Product",
    "sampleCount" : 350,